0x7f597e2a4000,/home/user/Desktop/pin/source/tools/SimpleExamples/obj-intel64/bzip2,0x409c33,fallbackSort,2547275
0x7f597e2a4000,/home/user/Desktop/pin/source/tools/SimpleExamples/obj-intel64/bzip2,0x40ceee,sendMTFValues,1479734
0x7f597e2a4000,/home/user/Desktop/pin/source/tools/SimpleExamples/obj-intel64/bzip2,0x4095ec,fallbackQSort3,1288846
0x7f597e2a4000,/home/user/Desktop/pin/source/tools/SimpleExamples/obj-intel64/bzip2,0x417d54,BZ2_hbMakeCodeLengths,960949
0x7f597e2a4000,/home/user/Desktop/pin/source/tools/SimpleExamples/obj-intel64/bzip2,0x4093f0,fallbackSimpleSort,424864
0x7f597e2a4000,/home/user/Desktop/pin/source/tools/SimpleExamples/obj-intel64/bzip2,0x40565c,copy_input_until_stop,384560
0x7f597e2a4000,/home/user/Desktop/pin/source/tools/SimpleExamples/obj-intel64/bzip2,0x40cb2c,generateMTFValues,266623
0x7f597e2a4000,/home/user/Desktop/pin/source/tools/SimpleExamples/obj-intel64/bzip2,0x40c94c,bsW,130586
0x7f597e2a4000,/home/user/Desktop/pin/source/tools/SimpleExamples/obj-intel64/bzip2,0x405388,add_pair_to_block,67179
0x7f597ccb0000,/lib/x86_64-linux-gnu/libc.so.6,0x7f597d6031d0,_dl_addr,56470
0x7f597e2a4000,/home/user/Desktop/pin/source/tools/SimpleExamples/obj-intel64/bzip2,0x4059f2,copy_output_until_stop,53381
0x7f597e2a4000,/home/user/Desktop/pin/source/tools/SimpleExamples/obj-intel64/bzip2,0x418294,BZ2_hbAssignCodes,33896
0x7f597e2a4000,/home/user/Desktop/pin/source/tools/SimpleExamples/obj-intel64/bzip2,0x40c679,BZ2_blockSort,14959
0x7f597dfc7000,/lib64/ld-linux-x86-64.so.2,0x7f5991710ac0,.text,10613
0x7f597ccb0000,/lib/x86_64-linux-gnu/libc.so.6,0x7f597d4f9770,getenv,10290
0x7f597e2a4000,/home/user/Desktop/pin/source/tools/SimpleExamples/obj-intel64/bzip2,0x40cac2,makeMaps_e,3239
0x7f597e2a4000,/home/user/Desktop/pin/source/tools/SimpleExamples/obj-intel64/bzip2,0x404f65,prepare_new_block,1814
0x7f597dfc7000,/lib64/ld-linux-x86-64.so.2,0x7f599172a100,realloc,1784
0x7f597e2a4000,/home/user/Desktop/pin/source/tools/SimpleExamples/obj-intel64/bzip2,0x4040af,main,1432
0x7f597dfc7000,/lib64/ld-linux-x86-64.so.2,0x7f5991729e00,__libc_memalign,1053
0x7f597ccb0000,/lib/x86_64-linux-gnu/libc.so.6,0x7f597d54b720,strlen,1034
0x7f597ccb0000,/lib/x86_64-linux-gnu/libc.so.6,0x7f597d544130,__libc_malloc,825
0x7f597ccb0000,/lib/x86_64-linux-gnu/libc.so.6,0x7f597d588420,readdir,673
0x7f597ccb0000,/lib/x86_64-linux-gnu/libc.so.6,0x7f597d5444f0,cfree,536
0x7f597d18f000,/usr/lib/x86_64-linux-gnu/libgomp.so.1,0x7f597dac41b0,.text,499
0x7f597ccb0000,/lib/x86_64-linux-gnu/libc.so.6,0x7f597d5359e0,ferror,416
0x7f597ccb0000,/lib/x86_64-linux-gnu/libc.so.6,0x7f597d53a9d0,_IO_un_link,409
0x7f597ccb0000,/lib/x86_64-linux-gnu/libc.so.6,0x7f597d5d51b0,__libc_pthread_init,393
0x7f597ccb0000,/lib/x86_64-linux-gnu/libc.so.6,0x7f597d53acb0,_IO_link_in,380
0x7f597e2a4000,/home/user/Desktop/pin/source/tools/SimpleExamples/obj-intel64/bzip2,0x40ca9a,bsPutUChar,208
0x7f597ccb0000,/lib/x86_64-linux-gnu/libc.so.6,0x7f597d52d260,_IO_fclose,201
0x7f597ccb0000,/lib/x86_64-linux-gnu/libc.so.6,0x7f597d5c5c30,get_nprocs_conf,201
0x7f597e2a4000,/home/user/Desktop/pin/source/tools/SimpleExamples/obj-intel64/bzip2,0x402b73,compress,182
0x7f597ccb0000,/lib/x86_64-linux-gnu/libc.so.6,0x7f597d539b30,_IO_file_fopen,174
0x7f597e2a4000,/home/user/Desktop/pin/source/tools/SimpleExamples/obj-intel64/bzip2,0x405ac7,handle_compress,171
0x7f597e2a4000,/home/user/Desktop/pin/source/tools/SimpleExamples/obj-intel64/bzip2,0x41216d,BZ2_compressBlock,168
0x7f597d18f000,/lib/x86_64-linux-gnu/libpthread.so.0,0x7f597d88fd00,__pthread_initialize_minimal,160
0x7f597e2a4000,/home/user/Desktop/pin/source/tools/SimpleExamples/obj-intel64/bzip2,0x40502b,BZ2_bzCompressInit,159
0x7f597e2a4000,/home/user/Desktop/pin/source/tools/SimpleExamples/obj-intel64/bzip2,0x408127,BZ2_bzWriteClose64,156
0x7f597ccb0000,/lib/x86_64-linux-gnu/libc.so.6,0x7f597d539840,_IO_file_close_it,153
0x7f597e2a4000,/home/user/Desktop/pin/source/tools/SimpleExamples/obj-intel64/bzip2,0x407e2e,BZ2_bzWrite,152
0x7f597e2a4000,/home/user/Desktop/pin/source/tools/SimpleExamples/obj-intel64/bzip2,0x4016ce,compressStream,151
0x7f597e2a4000,/home/user/Desktop/pin/source/tools/SimpleExamples/obj-intel64/bzip2,0x405c64,BZ2_bzCompress,145
0x7f597dfc7000,/lib64/ld-linux-x86-64.so.2,0x7f5991723610,_dl_allocate_tls_init,139
0x7f597e2a4000,/home/user/Desktop/pin/source/tools/SimpleExamples/obj-intel64/bzip2,0x403eb0,snocString,138
0x7f597ccb0000,/lib/x86_64-linux-gnu/libc.so.6,0x7f597d4fa2d0,__cxa_finalize,138
0x7f597e2a4000,/home/user/Desktop/pin/source/tools/SimpleExamples/obj-intel64/bzip2,0x402a83,hasSuffix,128
0x7f597ccb0000,/lib/x86_64-linux-gnu/libc.so.6,0x7f597d53a4a0,_IO_file_underflow,127
0x7f597d18f000,/lib/x86_64-linux-gnu/libpthread.so.0,0x7f597d89b3a0,__libc_sigaction,124
0x7f597dfc7000,/lib64/ld-linux-x86-64.so.2,0x7f5991729f10,calloc,120
0x7f597ccb0000,/lib/x86_64-linux-gnu/libc.so.6,0x7f597d4df8b0,.text,118
0x7f597ccb0000,/lib/x86_64-linux-gnu/libc.so.6,0x7f597d5bce80,__sbrk,115
0x7f597dfc7000,/lib64/ld-linux-x86-64.so.2,0x7f5991729f00,malloc,114
0x7f597d18f000,/lib/x86_64-linux-gnu/libpthread.so.0,0x7f597d899de0,_pthread_cleanup_push_defer,112
0x7f597ccb0000,/lib/x86_64-linux-gnu/libc.so.6,0x7f597d53b500,_IO_setb,112
0x7f597ccb0000,/lib/x86_64-linux-gnu/libc.so.6,0x7f597d536030,_IO_getc,110
0x7f597ccb0000,/lib/x86_64-linux-gnu/libc.so.6,0x7f597d52e1a0,_IO_fread,106
0x7f597e2a4000,/home/user/Desktop/pin/source/tools/SimpleExamples/obj-intel64/bzip2,0x4027f1,copyFileName,105
0x7f597ccb0000,/lib/x86_64-linux-gnu/libc.so.6,0x7f597d5c1680,mmap64,99
0x7f597ccb0000,/lib/x86_64-linux-gnu/libc.so.6,0x7f597d4e05a0,_init,98
0x7f597ccb0000,/lib/x86_64-linux-gnu/libc.so.6,0x7f597d539a40,_IO_file_open,91
0x7f597e2a4000,/home/user/Desktop/pin/source/tools/SimpleExamples/obj-intel64/bzip2,0x403e4f,myMalloc,84
0x7f597ccb0000,/lib/x86_64-linux-gnu/libc.so.6,0x7f597d52d4c0,_IO_fdopen,84
0x7f597e2a4000,/home/user/Desktop/pin/source/tools/SimpleExamples/obj-intel64/bzip2,0x407bfa,BZ2_bzWriteOpen,81
0x7f597ccb0000,/lib/x86_64-linux-gnu/libc.so.6,0x7f597d52d7a0,_IO_fflush,80
0x7f597ccb0000,/lib/x86_64-linux-gnu/libc.so.6,0x7f597d530080,ungetc,76
0x7f597d18f000,/lib/x86_64-linux-gnu/libpthread.so.0,0x7f597d893d40,pthread_mutex_lock,72
0x7f597ccb0000,/lib/x86_64-linux-gnu/libc.so.6,0x7f597d52d180,_IO_file_doallocate,72
0x7f597e2a4000,/home/user/Desktop/pin/source/tools/SimpleExamples/obj-intel64/bzip2,0x40c8ce,bsFinishWrite,70
0x7f597e2a4000,/home/user/Desktop/pin/source/tools/SimpleExamples/obj-intel64/bzip2,0x4011c0,strcmp@plt,69
0x7f597e2a4000,/home/user/Desktop/pin/source/tools/SimpleExamples/obj-intel64/bzip2,0x405e91,BZ2_bzCompressEnd,68
0x7f597e2a4000,/home/user/Desktop/pin/source/tools/SimpleExamples/obj-intel64/bzip2,0x40ca25,bsPutUInt32,68
0x7f597d18f000,/lib/x86_64-linux-gnu/libpthread.so.0,0x7f597d899e50,_pthread_cleanup_pop_restore,64
0x7f597ccb0000,/lib/x86_64-linux-gnu/libc.so.6,0x7f597d52e6e0,fwrite,62
0x7f597e2a4000,/home/user/Desktop/pin/source/tools/SimpleExamples/obj-intel64/bzip2,0x404f13,default_bzalloc,60
0x7f597ccb0000,/lib/x86_64-linux-gnu/libc.so.6,0x7f597d53a390,_IO_do_write,60
0x7f597ccb0000,/lib/x86_64-linux-gnu/libc.so.6,0x7f597d53b170,_IO_switch_to_get_mode,60
0x7f597ccb0000,/lib/x86_64-linux-gnu/libc.so.6,0x7f597d4e0740,__libc_start_main,58
0x7f597ccb0000,/lib/x86_64-linux-gnu/libc.so.6,0x7f597d5391e0,_IO_file_xsputn,58
0x7f597ccb0000,/lib/x86_64-linux-gnu/libc.so.6,0x7f597d53bc10,_IO_default_finish,57
0x7f597d18f000,/lib/x86_64-linux-gnu/libpthread.so.0,0x7f597d8954c0,pthread_mutex_unlock,56
0x7f597ccb0000,/lib/x86_64-linux-gnu/libc.so.6,0x7f597d539810,_IO_file_init,52
0x7f597ccb0000,/lib/x86_64-linux-gnu/libc.so.6,0x7f597d5d5210,__register_atfork,52
0x7f597ccb0000,/lib/x86_64-linux-gnu/libc.so.6,0x7f597d53b3a0,__uflow,51
0x7f597e2a4000,/home/user/Desktop/pin/source/tools/SimpleExamples/obj-intel64/bzip2,0x401050,.plt,50
0x7f597e2a4000,/home/user/Desktop/pin/source/tools/SimpleExamples/obj-intel64/bzip2,0x40168e,myfeof,50
0x7f597e2a4000,/home/user/Desktop/pin/source/tools/SimpleExamples/obj-intel64/bzip2,0x404f40,default_bzfree,48
0x7f597ccb0000,/lib/x86_64-linux-gnu/libc.so.6,0x7f597d53a730,_IO_file_overflow,48
0x7f597ccb0000,/lib/x86_64-linux-gnu/libc.so.6,0x7f597d588140,opendir,46
0x7f597d18f000,/lib/x86_64-linux-gnu/libpthread.so.0,0x7f597d898230,__pthread_key_create,45
0x7f597dfc7000,/lib64/ld-linux-x86-64.so.2,0x7f5991724bf0,_dl_find_dso_for_object,40
0x7f597ce75000,/lib/x86_64-linux-gnu/libdl.so.2,0x7f597d2bcda0,.text,40
0x7f597e2a4000,/home/user/Desktop/pin/source/tools/SimpleExamples/obj-intel64/bzip2,0x403e7d,mkCell,39
0x7f597dfc7000,/lib64/ld-linux-x86-64.so.2,0x7f5991710a70,__libc_memalign@plt,39
0x7f597dfc7000,/lib64/ld-linux-x86-64.so.2,0x7f5991710a80,malloc@plt,38
0x7f597ccb0000,/lib/x86_64-linux-gnu/libc.so.6,0x7f597d53b630,_IO_default_xsputn,38
0x7f597e2a4000,/home/user/Desktop/pin/source/tools/SimpleExamples/obj-intel64/bzip2,0x402875,fileExists,37
0x7f597ccb0000,/lib/x86_64-linux-gnu/libc.so.6,0x7f597d538b70,_IO_file_write,37
0x7f597ccb0000,/lib/x86_64-linux-gnu/libc.so.6,0x7f597d538370,_IO_file_sync,36
0x7f597ccb0000,/lib/x86_64-linux-gnu/libc.so.6,0x7f597d53b560,_IO_doallocbuf,36
0x7f597ccb0000,/lib/x86_64-linux-gnu/libc.so.6,0x7f597d5bce10,brk,36
0x7f597ccb0000,/lib/x86_64-linux-gnu/libc.so.6,0x7f597d5478c0,__default_morecore,35
0x7f597e2a4000,/home/user/Desktop/pin/source/tools/SimpleExamples/obj-intel64/bzip2,0x418580,__libc_csu_init,34
0x7f597e2a4000,/home/user/Desktop/pin/source/tools/SimpleExamples/obj-intel64/bzip2,0x4029f0,applySavedMetaInfoToOutputFile,33
0x7f597ccb0000,/lib/x86_64-linux-gnu/libc.so.6,0x7f597d4f53c0,ssignal,30
0x7f597ccb0000,/lib/x86_64-linux-gnu/libc.so.6,0x7f597d53bf50,_IO_sputbackc,30
0x7f597ccb0000,/lib/x86_64-linux-gnu/libc.so.6,0x7f597d5b6c20,__fxstat,30
0x7f597ccb0000,/lib/x86_64-linux-gnu/libc.so.6,0x7f597d4f51b0,__sigsetjmp,28
0x7f597ccb0000,/lib/x86_64-linux-gnu/libc.so.6,0x7f597d5b7250,read,28
0x7f597e2a4000,/home/user/Desktop/pin/source/tools/SimpleExamples/obj-intel64/bzip2,0x403f51,addFlagsFromEnvVar,26
0x7f597ccb0000,/lib/x86_64-linux-gnu/libc.so.6,0x7f597d53b250,__underflow,26
0x7f597e2a4000,/home/user/Desktop/pin/source/tools/SimpleExamples/obj-intel64/bzip2,0x4028ba,fopen_output_safely,25
0x7f597ccb0000,/lib/x86_64-linux-gnu/libc.so.6,0x7f597d58df70,__sysconf,25
0x7f597ccb0000,/lib/x86_64-linux-gnu/libc.so.6,0x7f597d5b7030,open,25
0x7f597ccb0000,/lib/x86_64-linux-gnu/libc.so.6,0x7f597d5399c0,_IO_file_finish,24
0x7f597ccb0000,/lib/x86_64-linux-gnu/libc.so.6,0x7f597d54d400,rindex,24
0x7f597d18f000,/lib/x86_64-linux-gnu/libpthread.so.0,0x7f597d892f70,pthread_attr_init,23
0x7f597ccb0000,/lib/x86_64-linux-gnu/libc.so.6,0x7f597d4fa280,__cxa_atexit,22
0x7f597ccb0000,/lib/x86_64-linux-gnu/libc.so.6,0x7f597d5b76a0,__fcntl,22
0x7f597d18f000,/usr/lib/x86_64-linux-gnu/libgomp.so.1,0x7f597dac3c90,getenv@plt,21
0x7f597ccb0000,/lib/x86_64-linux-gnu/libc.so.6,0x7f597d53c920,_IO_unsave_markers,21
0x7f597e2a4000,/home/user/Desktop/pin/source/tools/SimpleExamples/obj-intel64/bzip2,0x401150,strlen@plt,20
0x7f597e2a4000,/home/user/Desktop/pin/source/tools/SimpleExamples/obj-intel64/bzip2,0x404ffc,isempty_RL,20
0x7f597d18f000,/usr/lib/x86_64-linux-gnu/libgomp.so.1,0x7f597dac3c80,.plt,20
0x7f597d18f000,/lib/x86_64-linux-gnu/libpthread.so.0,0x7f597d89b670,pthread_getaffinity_np,20
0x7f597ccb0000,/lib/x86_64-linux-gnu/libc.so.6,0x7f597d4f56f0,__sigaction,20
0x7f597ccb0000,/lib/x86_64-linux-gnu/libc.so.6,0x7f597d53b600,_IO_default_uflow,20
0x7f597ccb0000,/lib/x86_64-linux-gnu/libc.so.6,0x7f597d5b6bd0,__xstat64,20
0x7f597ccb0000,/lib/x86_64-linux-gnu/libc.so.6,0x7f597d54f200,bzero,19
0x7f597e2a4000,/home/user/Desktop/pin/source/tools/SimpleExamples/obj-intel64/bzip2,0x404fdc,init_RL,18
0x7f597dfc7000,/lib64/ld-linux-x86-64.so.2,0x7f5991729f50,free,18
0x7f597ccb0000,/lib/x86_64-linux-gnu/libc.so.6,0x7f597d538340,_IO_file_close,18
0x7f597e2a4000,/home/user/Desktop/pin/source/tools/SimpleExamples/obj-intel64/bzip2,0x405628,flush_RL,16
0x7f597ccb0000,/lib/x86_64-linux-gnu/libc.so.6,0x7f597d4ee150,__ctype_init,16
0x7f597ccb0000,/lib/x86_64-linux-gnu/libc.so.6,0x7f597d5391a0,_IO_file_read,16
0x7f597e2a4000,/home/user/Desktop/pin/source/tools/SimpleExamples/obj-intel64/bzip2,0x4010f0,ferror@plt,15
0x7f597dfc7000,/lib64/ld-linux-x86-64.so.2,0x7f5991710a90,calloc@plt,15
0x7f597ccb0000,/lib/x86_64-linux-gnu/libc.so.6,0x7f597d5c1740,munmap,15
0x7f597d18f000,/lib/x86_64-linux-gnu/libpthread.so.0,0x7f597d898290,pthread_key_delete,14
0x7f597ccb0000,/lib/x86_64-linux-gnu/libc.so.6,0x7f597d4df8a0,.plt.got,14
0x7f597e2a4000,/home/user/Desktop/pin/source/tools/SimpleExamples/obj-intel64/bzip2,0x401080,free@plt,13
0x7f597e2a4000,/home/user/Desktop/pin/source/tools/SimpleExamples/obj-intel64/bzip2,0x401220,malloc@plt,13
0x7f597e2a4000,/home/user/Desktop/pin/source/tools/SimpleExamples/obj-intel64/bzip2,0x401390,register_tm_clones,13
0x7f597e2a4000,/home/user/Desktop/pin/source/tools/SimpleExamples/obj-intel64/bzip2,0x4029c3,saveInputFileMetaInfo,13
0x7f597d18f000,/lib/x86_64-linux-gnu/libpthread.so.0,0x7f597d88fa70,register_tm_clones,13
0x7f597d18f000,/lib/x86_64-linux-gnu/libpthread.so.0,0x7f597d88fac0,__do_global_dtors_aux,12
0x7f597ccb0000,/lib/x86_64-linux-gnu/libc.so.6,0x7f597d4fb3f0,strtoull,12
0x7f597ccb0000,/lib/x86_64-linux-gnu/libc.so.6,0x7f597d5883c0,closedir,12
0x7f597e2a4000,/home/user/Desktop/pin/source/tools/SimpleExamples/obj-intel64/bzip2,0x401310,_start,11
0x7f597ccb0000,/lib/x86_64-linux-gnu/libc.so.6,0x7f597d4fa5c0,__call_tls_dtors,11
0x7f597d18f000,/lib/x86_64-linux-gnu/libpthread.so.0,0x7f597d88f590,.plt,10
0x7f597e2a4000,/home/user/Desktop/pin/source/tools/SimpleExamples/obj-intel64/bzip2,0x40c8a8,BZ2_bsInitWrite,9
0x7f597d18f000,/lib/x86_64-linux-gnu/libpthread.so.0,0x7f597d88fa30,deregister_tm_clones,9
0x7f597d18f000,/lib/x86_64-linux-gnu/libpthread.so.0,0x7f597d89c7e0,elision_init,9
0x7f597e2a4000,/home/user/Desktop/pin/source/tools/SimpleExamples/obj-intel64/bzip2,0x4012f0,strstr@plt,8
0x7f597e2a4000,/home/user/Desktop/pin/source/tools/SimpleExamples/obj-intel64/bzip2,0x401360,deregister_tm_clones,8
0x7f597e2a4000,/home/user/Desktop/pin/source/tools/SimpleExamples/obj-intel64/bzip2,0x4013d0,__do_global_dtors_aux,8
0x7f597e2a4000,/home/user/Desktop/pin/source/tools/SimpleExamples/obj-intel64/bzip2,0x418610,stat,8
0x7f597ccb0000,/lib/x86_64-linux-gnu/libc.so.6,0x7f597d52dad0,_IO_fgets,8
0x7f597ccb0000,/lib/x86_64-linux-gnu/libc.so.6,0x7f597d538b60,_IO_file_stat,8
0x7f597ccb0000,/lib/x86_64-linux-gnu/libc.so.6,0x7f597d58c710,_Exit,8
0x7f597e2a4000,/home/user/Desktop/pin/source/tools/SimpleExamples/obj-intel64/bzip2,0x4010a0,strncpy@plt,7
0x7f597e2a4000,/home/user/Desktop/pin/source/tools/SimpleExamples/obj-intel64/bzip2,0x4011d0,signal@plt,7
0x7f597ccb0000,/lib/x86_64-linux-gnu/libc.so.6,0x7f597d5b72b0,write,7
0x7f597e2a4000,/home/user/Desktop/pin/source/tools/SimpleExamples/obj-intel64/bzip2,0x40133c,call_gmon_start,6
0x7f597e2a4000,/home/user/Desktop/pin/source/tools/SimpleExamples/obj-intel64/bzip2,0x402a74,containsDubiousChars,6
0x7f597e2a4000,/home/user/Desktop/pin/source/tools/SimpleExamples/obj-intel64/bzip2,0x418630,_fini,6
0x7f597d18f000,/usr/lib/x86_64-linux-gnu/libgomp.so.1,0x7f597dac3c60,_init,6
0x7f597ccb0000,/lib/x86_64-linux-gnu/libc.so.6,0x7f597d52dd70,fopen,6
0x7f597ccb0000,/lib/x86_64-linux-gnu/libc.so.6,0x7f597d53b700,_IO_sgetn,6
0x7f597ce75000,/lib/x86_64-linux-gnu/libdl.so.2,0x7f597d2bcca0,_init,6
0x7f597e2a4000,/home/user/Desktop/pin/source/tools/SimpleExamples/obj-intel64/bzip2,0x4010c0,strncmp@plt,5
0x7f597e2a4000,/home/user/Desktop/pin/source/tools/SimpleExamples/obj-intel64/bzip2,0x4010d0,strcpy@plt,5
0x7f597e2a4000,/home/user/Desktop/pin/source/tools/SimpleExamples/obj-intel64/bzip2,0x401120,fclose@plt,5
0x7f597e2a4000,/home/user/Desktop/pin/source/tools/SimpleExamples/obj-intel64/bzip2,0x401180,fgetc@plt,5
0x7f597e2a4000,/home/user/Desktop/pin/source/tools/SimpleExamples/obj-intel64/bzip2,0x401290,fopen@plt,5
0x7f597e2a4000,/home/user/Desktop/pin/source/tools/SimpleExamples/obj-intel64/bzip2,0x404f08,bz_config_ok,5
0x7f597dfc7000,/lib64/ld-linux-x86-64.so.2,0x7f5991723540,_dl_get_tls_static_info,5
0x7f597d18f000,/lib/x86_64-linux-gnu/libpthread.so.0,0x7f597d892fe0,pthread_attr_setdetachstate,5
0x7f597d18f000,/lib/x86_64-linux-gnu/libpthread.so.0,0x7f597d89ac59,__open_nocancel,5
0x7f597ccb0000,/lib/x86_64-linux-gnu/libc.so.6,0x7f597d5b6b40,utime,5
0x7f597ccb0000,/lib/x86_64-linux-gnu/libc.so.6,0x7f597d5b6ee0,chmod,5
0x7f597ccb0000,/lib/x86_64-linux-gnu/libc.so.6,0x7f597d5b8300,chown,5
0x7f597ccb0000,/lib/x86_64-linux-gnu/libc.so.6,0x7f597d5bc960,getrlimit64,5
0x7f597ccb0000,/lib/x86_64-linux-gnu/libc.so.6,0x7f597d5bd3d0,getpagesize,5
0x7f597e2a4000,/home/user/Desktop/pin/source/tools/SimpleExamples/obj-intel64/bzip2,0x401038,_init,4
0x7f597e2a4000,/home/user/Desktop/pin/source/tools/SimpleExamples/obj-intel64/bzip2,0x401060,getenv@plt,4
0x7f597e2a4000,/home/user/Desktop/pin/source/tools/SimpleExamples/obj-intel64/bzip2,0x401110,fread@plt,4
0x7f597e2a4000,/home/user/Desktop/pin/source/tools/SimpleExamples/obj-intel64/bzip2,0x401210,__xstat@plt,4
0x7f597e2a4000,/home/user/Desktop/pin/source/tools/SimpleExamples/obj-intel64/bzip2,0x401230,fflush@plt,4
0x7f597e2a4000,/home/user/Desktop/pin/source/tools/SimpleExamples/obj-intel64/bzip2,0x401240,ungetc@plt,4
0x7f597d18f000,/usr/lib/x86_64-linux-gnu/libgomp.so.1,0x7f597dac4030,pthread_key_create@plt,4
0x7f597d18f000,/lib/x86_64-linux-gnu/libpthread.so.0,0x7f597d88f580,_init,4
0x7f597d18f000,/lib/x86_64-linux-gnu/libpthread.so.0,0x7f597d88fb00,frame_dummy,4
0x7f597ccb0000,/lib/x86_64-linux-gnu/libc.so.6,0x7f597d4fa030,exit,4
0x7f597e2a4000,/home/user/Desktop/pin/source/tools/SimpleExamples/obj-intel64/bzip2,0x401070,utime@plt,3
0x7f597e2a4000,/home/user/Desktop/pin/source/tools/SimpleExamples/obj-intel64/bzip2,0x4011b0,__libc_start_main@plt,3
0x7f597e2a4000,/home/user/Desktop/pin/source/tools/SimpleExamples/obj-intel64/bzip2,0x401250,chown@plt,3
0x7f597e2a4000,/home/user/Desktop/pin/source/tools/SimpleExamples/obj-intel64/bzip2,0x401260,fdopen@plt,3
0x7f597e2a4000,/home/user/Desktop/pin/source/tools/SimpleExamples/obj-intel64/bzip2,0x401270,chmod@plt,3
0x7f597e2a4000,/home/user/Desktop/pin/source/tools/SimpleExamples/obj-intel64/bzip2,0x401280,open@plt,3
0x7f597e2a4000,/home/user/Desktop/pin/source/tools/SimpleExamples/obj-intel64/bzip2,0x4012d0,fwrite@plt,3
0x7f597e2a4000,/home/user/Desktop/pin/source/tools/SimpleExamples/obj-intel64/bzip2,0x4013f0,frame_dummy,3
0x7f597dfc7000,/lib64/ld-linux-x86-64.so.2,0x7f5991710ab0,.plt.got,3
0x7f597d18f000,/usr/lib/x86_64-linux-gnu/libgomp.so.1,0x7f597dac3d80,__sched_cpucount@plt,3
0x7f597d18f000,/usr/lib/x86_64-linux-gnu/libgomp.so.1,0x7f597dac3ea0,pthread_attr_init@plt,3
0x7f597d18f000,/usr/lib/x86_64-linux-gnu/libgomp.so.1,0x7f597dac3f30,pthread_attr_setdetachstate@plt,3
0x7f597d18f000,/usr/lib/x86_64-linux-gnu/libgomp.so.1,0x7f597dac3f50,pthread_getaffinity_np@plt,3
0x7f597d18f000,/usr/lib/x86_64-linux-gnu/libgomp.so.1,0x7f597dac3f70,malloc@plt,3
0x7f597d18f000,/usr/lib/x86_64-linux-gnu/libgomp.so.1,0x7f597dac4060,pthread_self@plt,3
0x7f597d18f000,/usr/lib/x86_64-linux-gnu/libgomp.so.1,0x7f597dac4090,sysconf@plt,3
0x7f597d18f000,/usr/lib/x86_64-linux-gnu/libgomp.so.1,0x7f597dac40d0,pthread_key_delete@plt,3
0x7f597d18f000,/usr/lib/x86_64-linux-gnu/libgomp.so.1,0x7f597dad8000,.fini,3
0x7f597d18f000,/lib/x86_64-linux-gnu/libpthread.so.0,0x7f597d88f5d0,__getrlimit@plt,3
0x7f597d18f000,/lib/x86_64-linux-gnu/libpthread.so.0,0x7f597d88f6e0,memset@plt,3
0x7f597d18f000,/lib/x86_64-linux-gnu/libpthread.so.0,0x7f597d88f830,__getpagesize@plt,3
0x7f597d18f000,/lib/x86_64-linux-gnu/libpthread.so.0,0x7f597d88f870,__libc_pthread_init@plt,3
0x7f597d18f000,/lib/x86_64-linux-gnu/libpthread.so.0,0x7f597d88f970,_dl_get_tls_static_info@plt,3
0x7f597d18f000,/lib/x86_64-linux-gnu/libpthread.so.0,0x7f597d89cad4,_fini,3
0x7f597ccb0000,/lib/x86_64-linux-gnu/libc.so.6,0x7f597d4df850,_dl_find_dso_for_object@plt,3
0x7f597ccb0000,/lib/x86_64-linux-gnu/libc.so.6,0x7f597d603d60,__libc_dl_error_tsd,3
0x7f597ce75000,/lib/x86_64-linux-gnu/libdl.so.2,0x7f597d2bd990,.fini,3
0x7f597dfc7000,/lib64/ld-linux-x86-64.so.2,0x7f5991721060,_dl_debug_state,2
0x7f597d18f000,/lib/x86_64-linux-gnu/libpthread.so.0,0x7f597d88fa10,.plt.got,2
0x7f597d18f000,/lib/x86_64-linux-gnu/libpthread.so.0,0x7f597d892c10,pthread_self,2
0x7f597d18f000,/lib/x86_64-linux-gnu/libpthread.so.0,0x7f597d89ac50,__open,2
0x7f597ccb0000,/lib/x86_64-linux-gnu/libc.so.6,0x7f597d4df7c0,.plt,2
0x7f597ccb0000,/lib/x86_64-linux-gnu/libc.so.6,0x7f597d4f5250,_setjmp,2
0x7f597d18f000,/usr/lib/x86_64-linux-gnu/libgomp.so.1,0x7f597dac41a0,.plt.got,1
0x7f597ce75000,/lib/x86_64-linux-gnu/libdl.so.2,0x7f597d2bcd70,.plt.got,1
